{
    "Level1_score": [
        246,
        286,
        253,
        201
    ],
    "Level2_score": [
        600,
        587,
        718,
        485
    ],
    "Level3_score": [
        389,
        355,
        322,
        358
    ],
    "total_score": [
        1235,
        1228,
        1293,
        1044
    ],
    "Level1_ave_score": [
        4.1,
        4.766666666666667,
        4.216666666666667,
        3.35
    ],
    "Level2_ave_score": [
        4.0,
        3.9133333333333336,
        4.786666666666667,
        3.2333333333333334
    ],
    "Level3_ave_score": [
        4.322222222222222,
        3.9444444444444446,
        3.577777777777778,
        3.977777777777778
    ],
    "total_ave_score": [
        4.116666666666666,
        4.093333333333334,
        4.31,
        3.48
    ],
    "total": 80.0
}