{
    "Level1": [
        82.0,
        95.33333333333333,
        84.33333333333334,
        67.0,
        82.16666666666666
    ],
    "Level2": [
        80.0,
        78.26666666666667,
        95.73333333333335,
        64.66666666666667,
        79.66666666666667
    ],
    "Level3": [
        86.44444444444444,
        78.88888888888889,
        71.55555555555556,
        79.55555555555556,
        79.1111111111111
    ],
    "total": 80.0
}