{
    "Level1": [
        80.33333333333333,
        94.33333333333334,
        82.66666666666667,
        64.0,
        80.33333333333334
    ],
    "Level2": [
        78.93333333333334,
        77.06666666666666,
        96.53333333333335,
        62.266666666666666,
        78.7
    ],
    "Level3": [
        84.44444444444444,
        75.11111111111111,
        67.33333333333333,
        78.88888888888889,
        76.44444444444443
    ],
    "total": 78.35
}