{
    "Level1_score": [
        276,
        292,
        294,
        299
    ],
    "Level2_score": [
        655,
        716,
        732,
        643
    ],
    "Level3_score": [
        409,
        403,
        360,
        422
    ],
    "total_score": [
        1340,
        1411,
        1386,
        1364
    ],
    "Level1_ave_score": [
        4.6,
        4.866666666666666,
        4.9,
        4.983333333333333
    ],
    "Level2_ave_score": [
        4.366666666666666,
        4.773333333333333,
        4.88,
        4.286666666666667
    ],
    "Level3_ave_score": [
        4.544444444444444,
        4.477777777777778,
        4.0,
        4.688888888888889
    ],
    "total_ave_score": [
        4.466666666666667,
        4.703333333333333,
        4.62,
        4.546666666666667
    ],
    "total": 91.68333333333334
}