{
    "Level1_score": [
        248,
        282,
        246,
        208
    ],
    "Level2_score": [
        604,
        594,
        718,
        476
    ],
    "Level3_score": [
        386,
        343,
        313,
        356
    ],
    "total_score": [
        1238,
        1219,
        1277,
        1040
    ],
    "Level1_ave_score": [
        4.133333333333334,
        4.7,
        4.1,
        3.466666666666667
    ],
    "Level2_ave_score": [
        4.026666666666666,
        3.96,
        4.786666666666667,
        3.1733333333333333
    ],
    "Level3_ave_score": [
        4.288888888888889,
        3.811111111111111,
        3.477777777777778,
        3.9555555555555557
    ],
    "total_ave_score": [
        4.126666666666667,
        4.0633333333333335,
        4.256666666666667,
        3.466666666666667
    ],
    "total": 79.56666666666668
}