{
    "Level1": [
        82.66666666666667,
        94.0,
        82.0,
        69.33333333333334,
        82.0
    ],
    "Level2": [
        80.53333333333333,
        79.2,
        95.73333333333335,
        63.46666666666667,
        79.73333333333335
    ],
    "Level3": [
        85.77777777777777,
        76.22222222222221,
        69.55555555555556,
        79.11111111111111,
        77.66666666666666
    ],
    "total": 79.56666666666668
}