{
    "Level1_score": [
        241,
        283,
        248,
        192
    ],
    "Level2_score": [
        592,
        578,
        724,
        467
    ],
    "Level3_score": [
        380,
        338,
        303,
        355
    ],
    "total_score": [
        1213,
        1199,
        1275,
        1014
    ],
    "Level1_ave_score": [
        4.016666666666667,
        4.716666666666667,
        4.133333333333334,
        3.2
    ],
    "Level2_ave_score": [
        3.9466666666666668,
        3.8533333333333335,
        4.826666666666667,
        3.1133333333333333
    ],
    "Level3_ave_score": [
        4.222222222222222,
        3.7555555555555555,
        3.3666666666666667,
        3.9444444444444446
    ],
    "total_ave_score": [
        4.043333333333333,
        3.9966666666666666,
        4.25,
        3.38
    ],
    "total": 78.35
}