{
    "Level1": [
        91.0,
        96.0,
        97.33333333333333,
        99.0,
        95.83333333333333
    ],
    "Level2": [
        86.53333333333335,
        95.73333333333335,
        97.2,
        84.0,
        90.86666666666667
    ],
    "Level3": [
        86.22222222222221,
        88.0,
        79.11111111111111,
        92.0,
        86.33333333333334
    ],
    "total": 90.49999999999999
}