{
    "Level1_score": [
        273,
        288,
        292,
        297
    ],
    "Level2_score": [
        649,
        718,
        729,
        630
    ],
    "Level3_score": [
        388,
        396,
        356,
        414
    ],
    "total_score": [
        1310,
        1402,
        1377,
        1341
    ],
    "Level1_ave_score": [
        4.55,
        4.8,
        4.866666666666666,
        4.95
    ],
    "Level2_ave_score": [
        4.326666666666667,
        4.786666666666667,
        4.86,
        4.2
    ],
    "Level3_ave_score": [
        4.311111111111111,
        4.4,
        3.9555555555555557,
        4.6
    ],
    "total_ave_score": [
        4.366666666666666,
        4.673333333333333,
        4.59,
        4.47
    ],
    "total": 90.49999999999999
}