{
    "Level1_score": [
        230,
        264,
        221,
        187
    ],
    "Level2_score": [
        576,
        550,
        697,
        449
    ],
    "Level3_score": [
        367,
        327,
        291,
        334
    ],
    "total_score": [
        1173,
        1141,
        1209,
        970
    ],
    "Level1_ave_score": [
        3.8333333333333335,
        4.4,
        3.683333333333333,
        3.1166666666666667
    ],
    "Level2_ave_score": [
        3.84,
        3.6666666666666665,
        4.6466666666666665,
        2.993333333333333
    ],
    "Level3_ave_score": [
        4.0777777777777775,
        3.6333333333333333,
        3.2333333333333334,
        3.7111111111111112
    ],
    "total_ave_score": [
        3.91,
        3.8033333333333332,
        4.03,
        3.2333333333333334
    ],
    "total": 74.88333333333333
}