{
    "Level1": [
        92.0,
        97.33333333333333,
        98.0,
        99.66666666666667,
        96.75
    ],
    "Level2": [
        87.33333333333333,
        95.46666666666667,
        97.6,
        85.73333333333335,
        91.53333333333333
    ],
    "Level3": [
        90.88888888888889,
        89.55555555555556,
        80.0,
        93.77777777777779,
        88.55555555555556
    ],
    "total": 91.68333333333334
}