{
    "Level1": [
        79.33333333333334,
        90.0,
        81.0,
        64.0,
        78.58333333333334
    ],
    "Level2": [
        78.13333333333334,
        76.26666666666667,
        94.53333333333333,
        63.06666666666666,
        78.0
    ],
    "Level3": [
        82.22222222222221,
        76.44444444444444,
        68.66666666666666,
        77.55555555555556,
        76.22222222222221
    ],
    "total": 77.58333333333333
}