{
    "Level1_score": [
        238,
        270,
        243,
        192
    ],
    "Level2_score": [
        586,
        572,
        709,
        473
    ],
    "Level3_score": [
        370,
        344,
        309,
        349
    ],
    "total_score": [
        1194,
        1186,
        1261,
        1014
    ],
    "Level1_ave_score": [
        3.966666666666667,
        4.5,
        4.05,
        3.2
    ],
    "Level2_ave_score": [
        3.9066666666666667,
        3.8133333333333335,
        4.726666666666667,
        3.1533333333333333
    ],
    "Level3_ave_score": [
        4.111111111111111,
        3.8222222222222224,
        3.433333333333333,
        3.8777777777777778
    ],
    "total_ave_score": [
        3.98,
        3.953333333333333,
        4.203333333333333,
        3.38
    ],
    "total": 77.58333333333333
}