{
    "Level1": [
        76.66666666666667,
        88.0,
        73.66666666666666,
        62.333333333333336,
        75.16666666666667
    ],
    "Level2": [
        76.8,
        73.33333333333333,
        92.93333333333334,
        59.86666666666666,
        75.73333333333333
    ],
    "Level3": [
        81.55555555555554,
        72.66666666666667,
        64.66666666666667,
        74.22222222222223,
        73.27777777777779
    ],
    "total": 74.88333333333333
}