{
    "Level1_score": [
        286,
        281,
        285,
        265
    ],
    "Level2_score": [
        736,
        742,
        709,
        673
    ],
    "Level3_score": [
        438,
        408,
        419,
        396
    ],
    "total_score": [
        1460,
        1431,
        1413,
        1334
    ],
    "Level1_ave_score": [
        4.766666666666667,
        4.683333333333334,
        4.75,
        4.416666666666667
    ],
    "Level2_ave_score": [
        4.906666666666666,
        4.946666666666666,
        4.726666666666667,
        4.486666666666666
    ],
    "Level3_ave_score": [
        4.866666666666666,
        4.533333333333333,
        4.655555555555556,
        4.4
    ],
    "total_ave_score": [
        4.866666666666666,
        4.77,
        4.71,
        4.446666666666666
    ],
    "total": 93.96666666666667
}