{
    "Level1": [
        95.33333333333333,
        93.66666666666667,
        95.0,
        88.33333333333334,
        93.08333333333334
    ],
    "Level2": [
        98.13333333333333,
        98.93333333333332,
        94.53333333333333,
        89.73333333333332,
        95.33333333333334
    ],
    "Level3": [
        97.33333333333333,
        90.66666666666666,
        93.11111111111111,
        88.0,
        92.27777777777777
    ],
    "total": 93.96666666666667
}