{
    "Level1_score": [
        279,
        283,
        268,
        234
    ],
    "Level2_score": [
        662,
        693,
        700,
        558
    ],
    "Level3_score": [
        420,
        396,
        360,
        403
    ],
    "total_score": [
        1361,
        1372,
        1328,
        1195
    ],
    "Level1_ave_score": [
        4.65,
        4.716666666666667,
        4.466666666666667,
        3.9
    ],
    "Level2_ave_score": [
        4.413333333333333,
        4.62,
        4.666666666666667,
        3.72
    ],
    "Level3_ave_score": [
        4.666666666666667,
        4.4,
        4.0,
        4.477777777777778
    ],
    "total_ave_score": [
        4.536666666666667,
        4.573333333333333,
        4.426666666666667,
        3.9833333333333334
    ],
    "total": 87.6
}