{
    "Level1": [
        93.0,
        94.33333333333334,
        89.33333333333334,
        78.0,
        88.66666666666667
    ],
    "Level2": [
        88.26666666666667,
        92.4,
        93.33333333333334,
        74.4,
        87.1
    ],
    "Level3": [
        93.33333333333334,
        88.0,
        80.0,
        89.55555555555556,
        87.72222222222223
    ],
    "total": 87.6
}